{
  "topic_nonsense": -8.083878873451587, 
  "echo": -0.28679197707948184, 
  "contain_link": 0.033797105592615791, 
  "topic_interesting": 0.98456623929760356, 
  "topic_news": 7.6946692334176365, 
  "test": -0.010714179481840625, 
  "topic_tech": 5.9213244215834253, 
  "text_len": -0.22235930603667214, 
  "text_orig_len": 0.18263521701155958
}